vocabulary,chinese
cosmopolitan,指人因见多识广而到哪里都不会因陌生而感到害怕 (懂得世上很多复杂关系的)
clamorous,指一群人：极度吵闹的。
intransigent,指人不为所动的，固执己见的
numinous,指宗教：神圣的（物品或场地）
sterling,(某人的努力成果/人格)优秀的
ad hoc,特别针对…的
enigma,指人/事物：神秘的，困惑的，难以理解的
neutralized,使之无效/使不能正常运作
fickle,指人/天气/命运：being fickle: 善变的 贬义，指兴趣/忠诚：变化无端
partiality over,偏袒(某人或某事) =bias=favortism
singular,独一无二的（褒义）= one of its kind = excellent
epilogue,收场白，小说的尾声
imminent,即将到来的
prescient,指人（评论员，分析师，专家）及他们说的话：有先见之明的
apathetic,没有兴趣的
didactic,(以道德教导为目的)说教的；像教师一样的patronizing别人的
lopsided,不平衡的，不公平的
repertoire,全部曲目
tease apart,梳理
negotiate,"2. 成功越过 If you negotiate an area of land, a place, or an obstacle, you successfully travel"
brook,古英语：容忍，忍受
beneficence,热于助人的品质 =kindness=generosity
regurgitate,复习之前背过的材料
sanguine,乐观态度
irascible,易怒而大打出手的（通常带有侵略性的行为）
convivial,特指与人在一起而感到欢快的
downplay,某人出于某个目的而故意表现出低估／看低的态度
inconsequential,不重要的，无严重后果的
incinerator,焚化炉
emulate,通过模仿手段来超越他人
censure,猛烈地抨击
demanding,工作或任务：费时费力的
sift from,筛选
overshadow,(指负面情感)给...蒙上一层阴影
zealot,宗教／明星／球队／爱好：狂热分子
maze,错综复杂的事物
elicit,引出，得出
extensive,广泛的，大量的
culinary,与烹饪有关的
groudless,毫无根据的
detritus,残留的碎片(石砾) =debris
anomalous,任何事物：不正常的
haphazard,随意地被安排
monolithic,一大坨匀质的 指社会结构：因压迫而单一的（贬义）
mar,v. 搞糟，毁容
grandstanding,作出夸张行为而获得他人称赞的行为，动词 vi. grandstand
contagious,有感染力的，易于引发同感的
irk,某物打扰某人
tendentious,指文章，观点：有倾向性的，有立场性的
discursive,=digress：离题的（写作风格）；以事实为论据基础的（学术论文）
blemish,小瑕疵
patchwork,指衣物：被多种材料缝缝补补的； 指理论／语句：混杂多种思想的
fractious,指人不听管教的，容易发火的；指某个事物：带来很多麻烦的，难以处理的 =cranky=rebellious
affable,热心肠的，容易亲近的 =genial=gracious=hospitable
overarching,核心的，主要的(目标／观点)
heterogeneous,异质的
disparate,截然不同的
engaging,迷人的；有趣的 =entertaining=interesting
unfeeling,无同情心的
disingenuous,=insincere不真诚的
embody,包含，收录
nothing if not,极其=very
disorienting,=confusing
humble,社会地位低下的=insignificant
empower,授权；给予力量
calamitous,灾难的
diametrically,截然相反的
trifling,微不足道的
deleterious,有害的是
incommensurable,由于缺乏共同的特征而无法比较的
commensurate,adj. 在某方面相似的
at variance,争论，不和
comity,国家之间的友好融洽的氛围 comity of nations
eliminate,淘汰
mordancy,(黑色幽默)讽刺性的
shy away from…,因紧张，不安而躲避某事
neutral,(颜色，人格)无明显特征的，不动声色的
oust,指新事物替代原事物
belie,(指某个事实/信息)背叛了另一个已知事实
undue,不恰当的，不公正的
marvel,"=be amazed at, to wonder at 对某个事实感到惊讶"
tactful,(指为人处事)说话有分寸的，能以恰当的方式表达自己观点的
fungible,(特指钱币或货物) 可被替代的
diffuse,分散四处的，无凝聚的；指文学作品：啰嗦的；宣传某个思想／文化
spared,v. 给予某人某物(通常是受惠者已有的)；饶恕，宽赦某人；spare oneself 沉迷..无法自拔 ；因某个原因停止做某事／说某话 adj. 多余的（钱或资源）；朴素的，简朴的
deaden,削弱，减弱（某人的热情，药物的效力，）
forbear,主动抑制自己不去做某事  = stop doing
forbids,禁止他人做某事
boorish,（正式书面英语）指人：粗俗的
revolting,=disgusting （physical）恶心的; (non physical)令人反感的
conspicuous,特别明显的
dispense,=distribute分发 dispense…with … 抛弃某物
obscure,指人：不出名的 指知识或者信息／故事：未知的或难以理解的 
marked,突出的，显著的
blithe,欢乐而无忧无虑的（贬义）
catalyst,刺激因素
duplicitous,言行不一的；（欺骗）内在和外在不一的
adduce…to do,引用论据/证明/事实/证人支持论点
momentous,褒义：重大的（成就／事件）
precarious,=unstable 不稳定的
innocuous,人畜无害的
betray,某人不经意间流露出（真实感情）
expel,开除学籍；从...里面排出某物
parallel,相似的，类似的
scant,某人不经意间流露出（真实感情） 
administer,=be in charge of 主持某一场(宗教)活动或项目； =apply medication to sb
all the more,
precipitate,引发某件事情突然发生（令人措手不及）
malady,疾病
proclaim,正式宣布
antediluvian,(幽默感) 极其古老／落后的
disown,某人与另一人断交
flighty,=fickle-minded 指人：轻浮的，性格／思想：变化无常的；指马：无法预测的亢奋
capricious,指人或天气：变化多端的
loquacious,指人：啰哩啰嗦的，说个不停的（贬义）
burlesque,带讽刺／夸大的滑稽剧
envisage,想象某个尚未发生的事情
pastiche,指复制并混杂其他作品风格的艺术作品
parody,带有讽刺的模仿（他人的动作）
chronide,
clandestine,暗中进行的政治／间谍活动
apropos,
straits,
cagey,指人：精明而谨慎的
churlish,指人：做事鲁莽的，粗俗的
pretense,acting on pretense = pretending
arduous,需要极其努力才能完成的工作／过程
stave off,防止某事发生，防御某人
punctilious,一丝不苟的
mundane,平庸的，世俗的
evanescent,转瞬即逝的
skullduggery,指言语：欺骗性的
insouciant,指人无所顾虑的
limpid,指溪流：清澈见底的 指语言：通俗易懂的
disperse,让一群人散开
megalomania,角逐权力和金钱的自大狂
imperturbable,指人：不易被激动的; 稳得一逼
divulge,泄露某人的秘密
premeditate,提前安排做某事
overwrought,极度情绪化的
conflate,将两个思想／故事／文章拼合在一起
compunction,悔恨，后悔
portend,预示（某个重大/严重）事件的发生
offset,抵消某个效应／结果的发生
murky,含糊不清的
dour,=sullen 面色阴沉的
mirthful,"=amusement 欢快的, mirthful laughter"
jovial,欢乐而且开心的
tepid,不太热情的
lugubrious,=gloomy=mournful 极度悲伤的
forbearance from,克己
lucidity,1. (思想、风格等的)明晰，明白，清楚 clearness of thought or style
expedient,（通常指行为或计划）权宜但不一定合适的
dictum,正式公告
taxing,费力的，繁重的
meander,指一场演讲：漫无目的地进行着
anomalous,
hamstring,使无能为力 to make ineffective or powerless : cripple
bighearted,不小气的；大方的
manic,~maniac = lost one’s mind 狂躁的
inflammatory,指演讲：煽动性的
pedestrian,缺乏想象力的，无聊的
gloomy,=pessimistic =悲伤且绝望的
puerile,指人或某个事物：显得幼稚的
usage,单词的用法，意义
sober,指衣服颜色：单调的 指人的神态表情：严肃且清醒的
deject,=depress，注意区分和reject的区别
coddle,
excoriate,过度的责骂／批评
mollify,使某人的怒火平息下来
fallibility,易错性
hew to,遵从（传统／思想）
override,=reject，利用个人权力去取消某一个决策
obsequious,奉承的
veil,掩饰
acquiescence,勉强同意某人做某事，尽管不完全认同
veneration,对于某人或某物的尊重
detestation,厌烦+憎恨
sidestep,避免（正面回答某个问题或某个义务）
circumvent,(贬义)通过小聪明来绕过某个限制
mien,
impute to,归罪于
supplant,篡位
slant,=biased；带有色眼镜地去报道／陈述
supersede,代替
ponderous,由于沉重而显得笨拙的（步伐）
manifest,（某人通过行为或外表）表现出（一种品质或感觉，例如depression)
undercut,削弱，破坏 以比对手低廉的价格来打败商业对手
palpable,特指气氛或感情：强烈到几乎可触摸的
nettlesome,烦人的；易怒的
harrowing,=distressing 指一段经历或者电影：折磨人的，令人感到难受／不安的
provincialism,=narrow-minded 思维狭隘的
foreordain,被（神或者命运）提前安排好了的
fastidious,=punctilious 对衣食住行一丝不苟的
overblown,=vanity 被空虚的事物所填充
opulence,奢侈的作风
the enormity of,特指罪行负面／恶劣的影响：极其恶劣的
ascetic,苦行僧似的生活
allusion,"要和illusion, delusion区分开来"
ramification,（不理想但可能出现的）后果
leach,液体（水）使得（化学物质／营养）从（土壤中）流失 leach away
worrisome,令人不安的
opaque,=unfathomable指某个语言：难以理解的
presage,=portend（某个事件）预示着一个不好的结果即将发生
bolster,支持，支撑
forestall,提前阻止某个事件/行为的发生
escalate,指价格或冲突，争论：升级，严重化
distinctive,有趣的
anchor,=fix固定
soothe,缓和，镇定某人的情绪／痛觉
rationalize,通过合理的逻辑去justify另一人的行为或态度
deflate,让某人突然失去信心或者自信
innocuous,指人：人畜无害的 指语言：不伤人的
aberrant,(尤其代指科研中的发现或者文化形态) 异于常态/主流的
placid,指某人／动物：温顺的；指某个环境／湖泊，水域：波平浪静的
diffident,指人：因缺乏自信而显得小心翼翼地
implacable,指人：难以满足其放弃做某事的条件的
tenacious,紧紧的（物理意义上的抓住）；或者不放弃某个职位，原则，行动
bewilder,使人感到迷茫 =baffle
nonchalance,漠不关心的一种状态
tweak,改进，改动
discredit,使丢脸
unfounded,无根据的
pious,（贬义）道貌岸然的
sentiment,"1. （常用于由偏好或个人情感而形成的）观点 an opinion,attitude or thought(prompted by"
spark off,通过刺激某个关键的时间／过程：引发
preachy,=didactic 带有某种高高在上的说教式的；觉得自己的观点是正义的而强加给别人的
preach,在教堂里面布道
querulous,
sanctimonious,=self-righteous占据道德高地指责别人的
bumble,
tinker with,
taciturn,(指某人)孤漠寡言的，比reserved更加严重的
reserved,=taciturn 言语不多的
garrulous,贬义）话多的
ballyhoo,大肆宣扬一些本身很无聊的事情
quip,
pensiveness,沉思的心态
drollness,
congeniality,指某个人：意气相投的；指某个事物：符合个人口味的
subtle,指某个变化或者差别：由于精妙难以区分的，难以分辨的
sustain,=support支撑着某人一路走下去（的身心）=suffer遭受某种身心上的伤害；
discount,=disregard低估，看低某个人／概率／事实
ogre,又庞大又笨拙的食人怪
egalitarian,平等主义的
regal,皇家的
anachronistic,过时的=old-fashioned
hypocritic,装作自己很高尚，有远见的
visionary,指一个人有远见的
inertial,难以改变的
overhaul,全面大修某个机器
calculated,指某个行为：被提前精心安排好了的
opprobrious,指一个语言): 无礼的: 
platitudinous,（指一个言行或者发表演讲）陈词滥调的
pugnacious,=truculent好斗的
supercilious,自大的
pedagogical,与教学有关的
inexplicable,难以用正常思维去解释的
restorative,具有疗养效果的；令人精神一振的 =recuperative
conscientious,指人：有良心的
salient,最重要而且显著的点
tonic,使精神振作的
rigorous,（环境）异常恶劣的
gravity,"2. (局势,时态的)严重性  the extreme and worrying seriousness of a situation"
unflinching,坚定的，不妥协的
slapdash,指某件事情：被草率完成的
astuteness,精明的
nondescript,某个事情：非常庸常的 没有突出特征的
discernment,判明，明辨
intoxication,沉醉于某个酒精里面
debut,首次露面
propitious,有前途的，令人欢喜的
accountability,性价比
disarray,完全的混乱
unruliness,毫无章法的
warble,啭鸣
bleak,昏暗地令人难受的
zenith,指天体：到达顶点的
croon,柔情地轻轻唱歌
caterwaul,猫咪：尖叫
overture,开幕曲
jarring,
conciliatory,安抚的，调解的
edifying,教诲的，启示性的
manage,成功应对 succeed in  accomplishing : contrive（to do sth）
transcend,超越，越过
coalesce,指事物：逐渐归聚到一起而形成单一的一片
histrionic,太过戏剧性的
munificent,慷慨的
feckless,无效的，不称职的
linger on,指疾病／负面感情：延续多年
univocal,指理解：只有单一意思的
slacken,放松某个事物的紧张程度
panacea,万能的灵丹妙药
revisionist,修正主义
extravagant,极端奢侈的
minuscule,微小的
precarious,不稳定的
sectarian,宗教，帮派之间的（争斗）
baroque,复杂的
sychophancy,阿谀奉承
competing,想法相互抵触的
obeisance,尊敬
preclude,阻止某事发生
privation,极度贫穷
hostile to some idea,指人：对某个思维非常抵触的
profusion of sth,大量的
stern,指某人或者他们行为：因权威或者遵守纪律而显得严肃但是无情的
prescient,有先见之明的，预知某件事情即将发生的
specious,看起来合理的，但实际上错误的
perfunctory,应付般的，未花任何努力或者思考的
anonymous,无任何明显个人特征的
scathing,指某一段经历或者批评：伤人的
confessional,
anecdotal,"（无可靠科学根据根据的）轶闻的 : Anecdotal evidence is based on individual accounts,"
enchanting,迷人的
encomium,在正式仪式上的赞词
exalted,指职位，角色：地位高的
exalt,抬举某人
valorous,有勇气的
excoriate,程度最严重的：责备 =censure
trickster,=swindler 骗子
quandary,指做选择：进退两难的困境
ploy,计谋，计策
censorious,指人：咄咄逼人的
pedantic,老学究的，咬文嚼字的
panache,have a panache: 指人的外表：很有型
panoply,一整套令人印象深刻的事物
elusive,难以捉摸的，难以达到的
marketable,畅销的，受欢迎的
raging,非常严重的
elitist,自视甚高的
upsurge,某件事情程度或者数量突然增加
respite,暂缓某个判决／义务的执行
amalgam,某种东西的混合物
encyclopedic,指知识，学问：知识面广的
eminence,显赫名声的
tenacity,固执的
elephantine,笨拙的
synopsis,摘要
awry,指事情，一段关系：未按照正常方向发展的
languishing,虚弱的
remuneration,报酬
jettison,2. 拒绝 to get rid of something : to reject something
unimpeachable,完全值得信任的，无可置疑的（人或信息或事实）
punctuate,"1. 强调 accentuate, emphasize"
unassuming,谦虚的
acerbic,犀利的，尖锐的
ingenuous,指人或行为：天真无邪的; 涉世未深的
ingenious,指人：心灵手巧的; 指机器或idea：设计精妙的
modest,"(数量、比率或改进幅度等) 较小的 You use modest to describe something such as an amount,"
seditious,指人：对抗当局／政府的
mawkish,古英语：贬义：多愁感，无病呻吟的
emotive,能引起人们的强烈的感情的
remunerative,能持续产生可观利润的
ramshackle,指房屋：摇摇欲坠的
forge,1.努力地缔造  If one person or institution forges an agreement or relationship with
snag,凸出来的障碍（字面和象征义均有）
hitch,阻碍，问题 作为名次是钩子 without a hitch就是“顺利进行”的意思
upshot,指某件事的结果
sluggish,slug软体虫 松懒无力的
skirt around,游走于边缘；避免正面冲突
demoralize,使某人气淚
galvanize,刺激某人做某事
replete,喂到饱，喂到满足
doomed to,注定会…
tenure,任期
foster,培养，培育
animate,有活力的，活生生的
egregious,十恶不赦的
empirical,非理论但实践性的 反义词：thereotical
prognosis,1. (尤指对病人能否康复的) 病情预判 a doctor's opinion about how someone will recover from an
auspicious,1. 有望成功的 showing or suggesting that future success is likely
spontaneous,指人天真率直的
unsetting,
anciliary,必要的辅助
unbridled,毫无限制的
fanciful,=fantasy = fancy
scrupulous,"极其仔细认真的;1. 有道德原则的，正直的 Someone who is scrupulous takes great care to do what is fair,"
jejune,无聊乏味的
dogmatic,遵循死规矩的
parochialism,狭隘主义
purport,标榜，（虚假的）声称  to claim to be or do a particular thing when this claim may not be true
erratic,难以预测的
surfeit,过多的，多余的 an overabundant supply : excess
conundrum,难题
revelation,
transparent,易懂的
bar,阻止
rudimentary,发育不成熟的
conjure up,=bring to mind使想起
strip away,
halfhearted,无兴趣的
condemn,迫使某人陷入不利的状况: condemned to death
condone,饶恕，允许
inert,不能动的
jubilant,因胜利而兴高采烈
enervated,缺乏生机
circumscribe,限制
proselytizer,主动或者劝他人眫依宗教
import,重要性: import of her message
accession,登基／就职
laconic,言简意骇的
befuddled,=bewildered=confused=lost
inveterate,习惯性的，根深蒂固的
conjectural,推测的
derivative,缺乏创新的
theatrics,戏剧化的言行
hidebound,墨守成规的
embolden,vt: 怂恿某人去做某事，给…壮胆
lambaste,谴责
stale,乏味的，缺乏新鲜感的
circumvent,绕过
teem,充满了
roll,惹怒某人
barring,=excepting，除...之外
anthropogenic,和人类起源有关的
molder,逐渐腐烂，变成碎片
recant,收回之前所说的话
encomium,赞语
aver,正式宣布
avow,公开宣布
concomitant,伴随
august,庄严的
chum,英式英语：伙伴
flout,因为长期的忽视而腐败／破碎
oblivious to,没意识到
countermand,撤销（命令或者裁决）
protract,vt 延期…计划／行程表
spum,
provocative,                                                             刺激性的
stymie,阻止某事的发生
aggrieve,给某人带来痛苦
rant,大力地，带有感情的说
exculpate,赦免
disquisition,博士论文
jejune,幼稚的，无聊的话题／八卦，没有精神／智力营养的
insouciance,漫不经心
abstemious,克制自己的 不要和神秘的搞混了
adjudicate,正式判决 担任法官的职责去判决/评论某事 adjudicate on something
bog down,被...所缠身 bog down in detail拘泥于细节
perish,缓慢地死亡／凋零
encounter,与某人邂夠
predate,先于...存在／发生
indescretion,commit an indiscretion 不理智的行为
mundane,枯燥无味的，世俗的
ebullient,(短期或长期)充满热情的
measured,沉着的（步伐，神态），有分寸的（企图／玩笑）
rudimentary,未成熟的
offset,抵消
dour,阴沉的
tepid,不太热情的; 冷冰冰的
champion,赢家；…的坚定支持者
hamstring,削减某人／某物的实力
puerile,幼稚的
excoriate,比censure还要严重的谴责
hew to,遵守
veil,掩盖
mien,神态
assiduous,指人：连贯一致地努力，细心的 指活动：需要细心的努力
retrenchment,=downsizing=curtailment 削减资金
nebulous,物理上或概念上：模糊的
overblown,过度的（焦虑／恐惧／显摆装饰）
oversell,超卖；夸张的推销或吹嘘
extirpate,斩草除根
efficacious,真正有效的
misfeasance, 渎职；利用职位之便进行不法行为
salutary,效果好的
controvert,争论
pious,指外表：看起来虔诚的。devout也是虔诚的，但是是内心中真正虔诚的
sustain,（法律）用证据证明／支持某个观点
stupefaction,麻木状态
blatant,（指某事或某种行为r）嚣张的，毫不掩饰的
worldly,（为人处事）有经验的
diverting,有趣的=intriguing
culpability,有罪的
indiscriminate,混合的 = heterogeneous 不加分辨的，不加选择的
iconoclastic,指人或社会变化：破除旧规的
fret,坐立不安；因一点小事而被激怒
outlandish,特别标新立异的（不用来指外国人）
torpor,沉睡，无能量无反应的状态
sway,指人或决定：被他人所左右的；指物理运动：摇摆
defy,拒不服从（法律或规则）
conclusive,指证据：结论性的，无可置疑的
rehash,特指艺术作品：重复利用之前的形式的
subversion,颠覆
espouse,支持，赞成
liken,人指出某两件事物的相同之处
dilatory,拖拉的
quell,完全镇压 = quench；减轻…程度
particularize,=elaborate=specify具体说
backhanded,（恭维话） 讽刺挖苦的; 假惺惺的
deadlock,僵局
malleable,金属：容易被塑造成形的
impeccable,=flawless
underlying,=fundamental 根本的
tantamount,等价于
proscription,禁令
ministration,=help = service 在最困难时候的帮助
exculpation,=exonerate 赦免罪名
imprudence,不精明，不谨慎
uncanny,不寻常的
aggrandize,使某人／某个团体的影响力／财富／名气增加
self-aggrandizing,喜欢炫耀自己的
emergent,新兴的（技术），正在变得重要／牛逼的
valediction,毕业结业演讲词
effluvia,古英语：恶臭的气体
malodorous,=stinky臭气熏天的
redolent,redolent of sth. 令人回想起以前某个事物的 芳香的 
anodyne,止痛的
pecuniary,以钱为形式的（补偿或者价值）
formulaic,缺乏创新的，传统迂腐的
unbound,=unbridled没有限制的 没有封面的
milieu,社会环境
eschew,躲避某事
cede,割让；拱手让人
experimental,革新性的（艺术作品）
obscure,没有名气的
a priori,基于假设而非观测到事实的
vitiate,使某个合同／协议无效 使某个人腐败，堕落
inexorable,(贬义)难以打动的，顽固不化的
evident,明显的
disgorge,(metaphorical) emptying out清空 (physical) puke反刍
entail,指某个事物：带来某种后果，通常是某种义务或者额外的成本
anew,以新的形势重现展现／发生
gossamer,轻薄的，异常精致的
truism,显而易见的真相（废话）
offish,缺乏热心的
jockey,马术比赛的骑马选手 某种机器的操作师
slump,下滑
spate,一大票
consolidate,收集到一处／一捆
moderate,温和的
square, 与...一致
promote,to help sth to happen or to develop
inspire,cause sth to happen or be created
conform,=obey/agree with与传统／法则相容的
dispel,
concede,不情愿的承认失败
ponder,深思某件事情
poignant,尖酸刻薄的，切中要害的
lament,= express sorrow 哀悼
hedge,=qualify (保护性地) 限制，阻碍某物
frown,表现出不喜欢的态度
enamored,be enamored of （病态）痴心于…的
expeditious,又快又好的
pecuniary,以钱币形势的
scrupulous,~punctilious 顾前顾后的
mendacity,经常撒谎的品质
artless,天真无邪的
artful,狡猾的
polish up,改进 =refine/improve
trope,比喻 = puns +metaphor+simile
euphemism,委婉的说法
paper,paper over掩盖，遮盖
sacrosanct,极其重要的需要重点保护的(事件／一段时间)
sanctimonious,表现出极度的虔诚
vivacity,生命力
avert, 躲避
multifarious,=multiple facets 具有多种角度的人或者事物
conducive,能带来（某个好的结果的）
spew,喷出
quiescence,平静期
quip,听起来聪明的即答
tout,吹捧
blatant,肆无忌惮的，嚣张的
chastise vs castigate,
bootless,不起效的
competing,"1. (想法、要求或利益)相互矛盾的; 相互抵触的 competing stories, ideas etc cannot all be right"
hamper,=slow going 使发展／过程缓慢，但不至于到停滞的地步
deprecatory,指评论：负面的，不认同的
guild,"无效果的, 徒劳的; of little or no use; vain; fruitless : inefective , futile"
detract from,（贬义）减弱或减小（价值／人品）
naivety,天真烂漫
paralyze,使不起作用
germane,指事物：密切相关的
implication,"1. 可能的影响 a possible future effect or result of an action, decision, etc."
at a premium,指物品：供不应求的
undisciplined,(指人) 不守纪律的
flabbergasted,被（好的或坏的事物）震惊到连话都说不出来的
intrepid,=dauntless=courageous 对陌生事物的无所畏惧
infelicity,不合适的评论或者表述
sycophantic,指人：善于溜须拍马的
balk,拒绝去做某事
revel,陶醉，沉迷
dissident,指持有不同政治观点的异见者
prosaic,平淡无奇的
instigate,煽动引起某一起冲突
cachet,=prestige声望 封信件口的蜡
randomly,随意的
occlude,医学：梗塞，阻碍
stun,把某人击晕；令某人吃惊
precursor,某件事情的先兆
chimerical,天马行空的想象
revival,复兴：重新变得知名／重要的
rarefied,只有少数人能理解的
dismiss,不予理会
assertiveness,心理学：能诚实的，自信的表达自己的观点的（并且不显得具有侵略性）
plain,语言或者表述：清楚的
peripatetic,指人：喜欢进行长途跋涉的（步行）
itinerant,指人：因为工作而马不停蹄的
buttress,增强，强化 buttress sth with sth
abject,程度最重的：凄惨的，不幸的，卑下的
trepidation,正式书面用语：对于即将到来的威胁的恐惧
ameliorate,减轻（不适或者痛苦） 改善某个恶劣的情况
slight,adj.微不足道的 vt. 轻视，忽略
snub,带有鄙视的：对某人不屑一顾
adjunct,额外附加的（不属于原来整体的）
explicitness,指语言／表述的明确性
devious,狡诈的，喜欢骗人的
porous,多孔的；有机可乘的
concision,指语言或表述：简单明了；精简性
prolixity,冗长，罗嗦
revile,be reviled: 被多数人所痛恨的
requisite,正式书面用语：必需品
obviate,杜绝（事件发生）；消除对于某物的需求
germane,=relevant相关的
exhaustion,身心俱惫
groan,发牢骚
impalpable,难以通过语言解释的
amorphous,不具备具体形态的，无定型的
exiguous,指数量：极少的
insalubrious,正式用语：对健康有害的
obsequious,正式用语：指人：献媚的
intractability,倔强的个性
lambast,苛责
flighty,缺乏稳定性的
facile,褒义：不费吹灰之力的（有技巧的being facile） 贬义：敷衍了事的
ethereal,轻缈的，飘忽不定的
tortuous,指道路：绕来绕去的 指语言：极其复杂的 
protract,延长时间
abash,使某人羞愧，尴尬
hubristic,傲慢的
officious,贬义：好管闲事的
irenic,=peaceful eirene是希腊和平女神
dutiable,指商品：应征税的
seminal,有创造力的，对未来有影响的
sporadic,零星的，短短续续的
sordid,指人的行为：下流奸邪的，极度不诚实的
fraught,贬义：充满着（不好的事物）
elemental,最基础的
spiteful,指人：心怀恶意的
emulsify,乳化液
denigrate,诽谤某人，无论是故意的还是不实的
petrify,吓得某人麻木了
exuberant,指人：热情洋溢的
obduracy,坚决顽固的
temper,使 。。。缓和
upheaval,指社会或者政治：剧变
bombshell,爆炸性事件; 令人吃惊的事;
frivolous,特指诉讼：无关紧要的浪费执法资源的 指人：混日子的，无所事成的
vista,西班牙语：景观
self-effacing,指人：不愿被过分聚焦的，低调的
interminable,=incessant 贬义：无休无止的
rebuff,书面英语：有意的反对行为
squelch,完全镇压／摧毁某件事情／思想
smother,压制，抑制；步步紧逼，不给别人留太多个人空间／隐私
embrace,"2. 包括 to take in or include as a part, item, or element of a more inclusive whole"
deluge,"使充满；压倒；将某人沉浸在....中 overwhelm, swamp"
consort,与....结伴
kinfolk,有血缘关系的家属
disparateness,迥然不同(或无法比较)的人(或物)
approbation,正式用语：赞同，认可
jeremiad,=complaints 又长又悲伤的吐苦水
gaffe,当众尴尬
obloquy,在公众面前被指责
feckless,=incompetent 指人：无责任感的，不称职的
munificent,贬义：过度的：慷慨的 =extremely (foolishly) generous
congruent,指思想和行为：一致的
inert,不能动的
paucity,某种事物的缺乏
stalwart,指人：忠诚的 = loyal
recapitulate,总结
venal,指动机，行为，人：贪污腐败的
cinch,
secure,
emendation,修正
substantiation,证实（argument或者fact）的过程
protean,变化莫测的
prominent,表现突出的
glut,经济学：过度的（供给） 暴食
hortatory,=encouraging
lurid,极度重口味的，容易引起观感不适的血腥的
largesse,出手非常大方的
beatify,宗教：给死去的人行宣福礼 为…赐福
abeyant,暂时停用／搁置的
flagrant,恶名昭著的
crassness,愚钝；粗俗
compartmentality,
scaremonger,造谣者; 扰乱民心者
vindicate,=justify 证实真实性／无罪
quibbler,吹毛求疵的人，怨声怨气的人
rally,在最后关头振作精神；从疲惫中重新恢复勇气
serendipity,=good luck 偶然发现好东西的好运
acquired,后天获取的
lucidity,语言表述的明确性
recondite,晦涩的
deft,指双手或者身体部分：灵活的
finicky,=fastidious = meticulous
petulant,指人或举止：暴躁的
demur,法律用词：拒绝请愿
memento,令人回忆往事的东西
trenchant,犀利的，一针见血的
heretofore,古英语：迄今为止
snappish,指人或者言语：说话暴躁的
umbrage,因被冒犯而生气
virtuosity,大师级别的实力或者技巧 =very high level of skill
untether,将…从束缚中解放出来
attune,be attuned to 了解某事物并且适应它
hackneyed,指小说或者故事情节：无聊透顶的
transgress,=trespass 越过（物理或着法律的）边界
polymathic,博学的
incongruous,和其他东西不合拍的，不兼容的
fleeting,转瞬即逝的
outdo,超过对手
parsimonious,=penurious 吝啬的
felicitous,指某件事：适当的令人愉快的；幸运的
astringent,收敛性的
cavalier,傲慢中带有一些鄙视的
unkempt,特指头发：邋遢蓬松的
grumble,低声抱怨
fluster,=cause to be nervous or upset 使感到不安
flummox,被非负面的事情所困惑
subservient,唯命是从的
adroit,聪敏的，有技巧的
demarcation,地理上或分类学中的分界线
wistful,=pensive=melancholy 特指在回忆以往时的一种后悔的心情：如果自己当时能那样就不会导致现在这样了
whimsical,指行为：易受到随机念头影响的
comportment,得体的举止
backwater,一滩死水；指地方或状态：毫无发展的
coveted,被许多人梦寐以求的
garb,外装
upbeat,（过度）乐观的
salacious,（指新闻或者八卦）桃花性的
aghast,吓得脸都白了
maudlin,催泪的，令人潸然泪下的
fawn,争宠，讨人喜欢
unflappability,镇定的神态
nurturant,正在抚养／给予别人的养育的
puncture,刺入
opprobrium,因作出某事而感到的耻辱
vituperation,谩骂
lucubration,=cogitation 苦心而成的著作 刻苦钻研的努力
panacea,没有实际作用的药或者解决方案
culprit,culpable 罪犯
eclectic,包罗万象的，混合许多不同种类的
spurious,1. (论据、推理) 不正确的 based on false ideas or bad reasoning
preponderance,数量上的优势
annihilate,彻底击败
bemoan,=moan 
disinclination,unwillingness不情愿（去做某事）
deadpan,指人面无表情的，尤其是在喜剧演员故意在说笑话的时候面无表情，使得笑话更好笑
plod,=trudge 吃力地跋涉；辛勤地工作
entreat,恳求某个重要的事情，特指请求赦免一死
wariness,褒义：恰当的谨慎
captivating,指某个事物或人：有魅力的
vehement,指力量或者感情：强烈的 常用于描述人们对某物的抵触情绪
insipid,指食物：无味的 指人：无趣的
placatory,=mollifying=conciliatory 指行为或者言辞：带有安抚作用的（伴随着让步）
captious,=cavil=fastidious=meticulous 指人的本性：吹毛求疵的，喜欢蛋里挑骨头的
palliative,=alleviate temporarily 仅仅起临时效用的：镇静剂 指解决方案：没有实质作用的
spurn,不屑一顾地拒绝（请愿或者提议）
cliquish,搞小团体的，对团体外的人不友好的
solidarity,solidarity with sb. 特指政治团体或者联盟：团结一心的状态
camaraderie,=solidarity 指一个工作团队：同志[同事]情谊
bemuse,=confuse 贬义：故意让（别人）对一件事感到困惑
abound,=abundance 某物大量存在
evocative,指某个事物：能唤醒对以前的一段回忆的
blithely,不带任何顾虑（不顾他人感受）地感到快活（贬义）
obtrusive,容易引人注目的（贬义）
prodigy,奇才，自幼就展现天赋的
polymath,指人：多才多艺的，涉猎领域广泛的
tyro,在某个领域的新手，新入行的人
ante,ante up 提前预付款
promulgate,=promote 宣传推广；正式宣布法律生效
genealogy,系谱学；家系
subordinate,n. 职位：下属 adj. 地位或者等级低的
paltry,分量：少的可怜的
gaiety,欢乐的（状态）
vacuous,思想贫乏的，空洞的 having or showing a lack of intelligence or serious thought
provenance,某物的起源，最早的源头
approbatory,指人或言论：对他人表示赞扬的
bromidic,指思想或者言论：无聊的，非原创的
pompous,指人：自视甚高的
probity,指某人的伦理道德程度：无可指责的道德（尤指面对金钱等诱惑的时候）
dissemble,
exacting,=demanding
rectitude,=probity 指某人人品正直
peregrination,长途步行跋涉
jubilation,因喜悦而欢腾鼓舞
peccadillo,小的过失
pretext,借口，不真实的理由
objectionable,snoop on 对某人的跟踪
founder,=fumble 1. 完全失败 to experience failure
make the grade,成功达到....目标
bear out,"bear sb/sth out, bear out sb 为某人或某物作证"
detachment,2. 客观，超然 freedom from bias or prejudice
perspicacity,洞察力 having or showing an ability to notice and understand things that are difficult or
defer (to),"听从; 服从 If you defer to someone, you accept their opinion or do what they want you to"
bereft (of),"缺少…的  lacking something needed ,wanted ,or expected"
causality,
preside,=in charge of 担任领导的角色
seethe,发怒；指人群沸腾并且参与活动的
retract,（被迫）否认之前说的话或者发的誓 收回之前说的话
amenable,指人：怀有开放的心态去面对他人的建议；容易被劝服的
upend,把某物弄的头朝下脚朝上
caricature,带有讽刺意味地去模拟某人或者某物来达到喜剧效果
revealing,衣着暴露的
ring true,"听起来真实 If a statement rings true, it seems to be true or genuine. (If it rings hollow, it
does not seem to be true or genuine.)"
fall short,没有达到目标（或要求）fail to meet (expectations or standards)
unassailable,"无懈可击的 not able to be doubted, attacked, or questioned"
speculative,（无根据）推测的 based on guesses or ideas about what might happen or be true rather than
judicious,指决策：被充分考虑过了的；明智的
flummery,蛋糕甜点心
on that score,=so far as = to the extent that
fuel,2.刺激，激起 stimulate
quotidian,"平凡的，每日的 commonplace, ordinary"
modulate,=adjust 调制，调节(频率，音调，数量）
prescriptive,=instructional 指导性的（指导他人应该做什么）
bludgeon,敲打，强迫某人做某事
profligate,指人：挥霍无度的
mawkish,=overly sentimental 多愁善感的；（病态的）深情的
impugn,通过言语攻击／指责
tout,=brag about  宣称....很牛逼；吹牛
metamorphose,形变
gild,给…镀金
tart,蛋挞
succor,在困境中的帮助
rabid,
condign,指惩罚：应得的
xenophobic,仇外的
pristine,"2. 淳朴的 in perfect condition : completely clean, fresh, neat, etc."
badger,纠缠 to harass or annoy persistently
sway,"摇摆，波动 to fluctuate or veer between one point, position, or opinion and another"
nugatory,"无价值的，微不足道的 of little or no consequence : trifling, inconsequential"
tedium,沉闷的一段时间或者状态
exorbitance,过分多的数量，尤其指花费或者成本
hidebound,贬义：迂腐守旧
execrate,责骂，指责
supersede,取代某人／某物的职位／角色
incursion,负面：尤其指军事的：入侵
senescence,生物术语：衰老
superannuation,养老金
prodigious,极大的，过分的
,
plunder,非法劫掠
modicum,=little = any at all 极少量的
lambast,严厉批评 to criticize someone or something very harshly : censure
sham,骗局，虚假的事物
standstill,停滞不前；僵止
sleek,指物：光泽光滑的
resourcefulness,足智多谋的品质
tenacity,毅力（褒义）
putative,传闻未证实的
grouchy,= irritable 口头语：正在发怒的
moribund,处于弥留之际的
assuming,"傲慢的 pretentious, presumptuous"
aggrieve,法律：侵害某人的权利 伤害某人感情，使其感到愤怒
anathema,令人非常厌恶的事 someone or something that is very strongly disliked
meretricious,俗气的 attractive in a cheap or false way
obviate,消除; 使...成为不必要  to make something no longer necessary : to prevent or avoid
unrelenting,2. 不屈不挠的 not letting up or weakening in vigor or pace : constant
germane,有密切关系的 relating to a subject in an appropriate way
overwrought,"极度情绪化的，神经很紧张的，十分忧虑的 very upset, nervous, and worried ；deeply agitated"
panegyric,颂词，赞颂 formal or elaborate praise
fulmination,爆炸声； 强烈抗议
calumny,诽谤；不实的传言
fusty,带霉味的；过时的
forswear,抛弃，摒弃
totemic,崇拜动物神灵学说的
aspersion,cast aspersions on sb 说某人的坏话，对某人提出恶意的质问
commendation,嘉奖，赞扬
sectarian,教派间的
purview,属于某人自身专业知识（之内的）
raillery,打趣，开轻快而不offensive的玩笑
beguiling,欺骗性的
taint,使…污染，变脏
madcap,草率决定的事情，没有考虑后果的事
putative,名义上的 = nominal
warp,使（心理或者物理上的东西）扭曲变形
grouchiness,易怒的，坏脾气的
prophylactic,预防性药物；避孕套
garrulity,废话太多
normalcy,= normality  指某个事物的常态
cannonical,正宗的，权威性的
emblematic,带有象征意味的
brazen,厚颜无耻的
lionize,崇拜，将...视为英雄
exonerate,=acquit = 指法庭上的：免罪释放
inherent,内在的，根深蒂固的
off-putting,让人感到厌烦无比的
layperson,业余的，非专业的
luminary,=celebrity名人
glitz,金光闪闪
rebuke,=censure=reprimand责备
,
contravene,=defy 违背，违反（翻绿或者规则
exigent,需要特别注意的
apprehension,=anxiety焦虑 =capture逮捕（动物）
old-timer,老兵，老司机
stalemate,=impasse僵局
gravitate towards,被吸引到
sleazy,指人：品行低劣的
covetous,covetous of 渴求....的
turgid,=overblown 由于液体在内而显得肿胀的 
turbid,指液体：混杂的 指意义：不明的，混乱的
profane,特指对于神圣的宗教的亵渎
paragon,优秀典范
oblivious,oblivious of 对…浑然不知的，未察觉的
heedlessly,掉以轻心地
untrammeled,自由自在的
pejorative,指词语：贬义的
immaterial,immaterial to 特指对于一个法律事件来说：毫无意义的，不重要的（证据，论点）
cavil,=quibble 不常用：对一些琐碎的细节吹毛求疵
cronyism,裙带关系
entanglement,使得猎物无法脱身的陷阱
unflagging,毫不减弱的（热情）；毫不松懈
buoyancy,"2. 轻松的心情 the ability of someone or something to continue to be happy, strong, etc."
eschew,极力躲避与自己 不合 的事物
shun,躲避某人某物 宗教背景：普通人躲避那些被绝罚的宗教罪人
belabor,literal: 痛打 figurative: 投入大量精力反复讨论
hobble,跛行到某处
proffer,politeness + offer = proffer 给予某人善意的建议（可以拒绝）
