0,paradox
2,cosmopolitan
4,capricious
5,insular
6,mercenary
7,intransigent
8,haunted
9,clamorous
10,invidious
11,numinous
12,empirical
13,sonorous
14,dearth
15,presumption
17,detection
18,controversial
19,unambiguous
20,gainsay
21,sterling
22,ad hoc
24,superficial
26,spontaneous
27,exhaustive
28,enigma
29,neutralized
31,intensification
32,tedious
33,exclusive
34,fickle
35,antiquarian
36,comprehensive
37,legitimate
39,partiality
40,deviate from
41,succumb to
42,recoil from
43,yield to
44,shrink from
45,singular
47,unique
49,archaic
50,counterfeit
52,fake
53,epilogue
54,imprecision
55,overstatement
56,misinterpretation
57,vague
58,exaggeration
59,hyperbole
60,upheaval
61,imminent
62,prescient
63,prophetic
64,indifferent
66,apathetic
67,impenetrable
69,immutable
70,proprietary
71,didactic
72,self-perpetuating
73,mysterious
74,diversity
75,plasticity
76,lopsided
77,feeble
79,swift
80,robust
82,turbulent
83,lavish
85,routinely
86,vacant
90,unimpeded
91,repertoire
92,tease apart
93,straightforward
95,augment
96,ameliorate
97,anticipate
99,ironic
100,honorific
101,malign
103,negotiate
106,compromise
108,disclose
109,brook
110,repudiate
111,regurgitate
113,beneficence
114,altruism
115,sanguinity
116,verisimilitude
117,cordiality
118,irascibility
119,conviviality
120,diffident
121,exasperation
122,stunning
124,contemptuous
125,decry
126,boast
127,downplay
128,subtle
131,explicable
132,inconsequential
133,objective
134,incinerator
136,loath
137,emulate
139,discredit
141,authentic
142,aesthetics
143,ambivalence
145,compliment
147,censure
148,demanding
149,sift from
150,overshadow
152,manageable
153,neophyte
154,novice
155,pragmatist
156,zealot
158,maze
160,labyrinth
162,elicit
163,intricate
165,extensive
166,convoluted
167,prevalent
168,validity
169,novelty
170,culinary
171,unprecedented
172,unwarranted
173,groundless
174,promising
175,novel
176,detritus
177,supposition
178,motley
180,anomalous
181,haphazard
182,monolithic
184,mar
185,compassionate
186,nepotistic
187,grandstanding
188,partisanship
189,vacillation
190,futile
191,contagious
193,initially
194,irk
195,immerse
197,flippancy
198,tendentious
199,discursion
200,complicate
201,comprehend
202,blemish
203,allure
204,valid
206,frank
207,inveterate
209,exigency
210,paradigm
211,hodgepodge
212,patchwork
213,fractiousness
214,insightful
215,affable
216,sagacious
217,overarching
219,consistent
220,intriguing
221,heterogeneous
222,disparate
223,mediocre
224,engaging
226,enigmatic
227,cherished
228,unconscious
229,mutually
230,reinforce
231,inverse
232,unfeeling
234,disingenuous
235,benign
236,orthodox
238,embody
240,nothing if not
241,forbear
242,chivalrous
243,impetuous
244,boorish
245,circumspect
247,disorienting
248,humble
251,empower
253,discern
254,intent
255,surrender
256,glean
257,imitate
259,calamitous
260,exotic
262,vulnerable
264,obligatory
265,diametrically
266,adversarial
267,antagonistic
268,dichotomous
269,untenable
270,contradictory
271,subversive
272,adduce
273,myriad
274,minimal
275,trifling
276,marked
277,conspicuous
279,deleterious
280,crushing
281,hazardous
282,momentous
283,trivial
284,precarious
286,discriminatory
287,incommensurable
289,commensurate
290,anachronistic
292,innocuous
294,devolve
295,acrimony
296,dissension
297,variance
299,comity
300,conformity
302,mordancy
304,extrapolate
305,virtue
307,drawback
308,peculiarity
310,dispense
313,derive
315,persistent
316,corruption
317,flip
318,eliminate
320,intrinsic
321,atypical
322,unavoidable
323,insurmountable
324,improvise
326,shy away
327,adversity
328,victorious
329,evade
331,neutral
333,betray
335,expel
337,endorse
338,oust
340,sanction
344,condemn
347,nullify
349,obviate
351,mitigate
352,belie
354,mask
355,accentuate
356,rebellious
359,quirky
360,flamboyant
361,lucrative
362,undue
363,scant
365,dwindle
366,remarkable
367,felicitous
369,prolific
371,enduring
372,abbreviate
373,parallel
374,bolster
375,corroborate
376,outstrip
377,marvel
378,meticulous
379,all the more
380,erudition
381,edifying
382,scarce
383,discreet
387,precipitate
388,tactful
389,erudite
390,judicious
391,acrimonious
392,fungible
393,connoisseur
394,speculation
395,conjecture
396,dampen
397,diffuse
398,eclipse
400,deaden
401,baseless
402,cliché
403,insulting
404,condescending
405,exacting
406,obscure
409,onerous
410,opaque
414,magisterial
415,sanguine
416,draconian
417,rapacious
418,self-serving
419,utility
420,versatile
422,adjunct
423,debunk
424,assuage
426,intangible
427,plague
431,malady
432,proclaim
434,profess
437,disown
439,antediluvian
440,flighty
443,chauvinistic
445,patronize
446,parameter
447,envisage
450,loquacious
451,irascible
452,perfidious
453,voracious
454,haphazardly
455,burlesque
456,satire
457,pastiche
458,chronicle
459,parody
461,esoteric
462,derivative
463,surreptitious
464,resentment
465,vexatious
466,clandestine
467,equitable
468,straits
469,apropos
471,cagey
472,churlish
474,implausible
475,plagiarism
476,pretense
477,dignified
478,pugnacious
479,deliberate
481,punctilious
482,courteous
483,complacent
484,truculent
485,arduous
487,perilous
488,covert
489,exhilarating
490,stave off
492,forestall
494,facilitate
495,mundane
497,momentary
498,illusory
499,evanescent
500,metaphoric
501,prosaic
502,manuscript
503,credible
504,consequential
515,arcane
517,quixotic
519,skullduggery
520,indolence
521,incivility
522,lethargy
523,fervor
524,hybrid
525,Indiscriminate
527,conciliatory
529,beguile
533,baffle
534,buoy
536,insouciance
537,stoicism
538,alacrity
545,disheartening
546,pedestrian
547,knotty
548,vapid
550,distressing
553,banal
554,detrimental
555,extraneous
556,desertion
560,exposition
562,elucidate
563,animadversion
564,culmination
566,divination
567,encumber
568,replete
570,discretion
572,discretionary
573,bureaucratic
574,naysayer
575,pushover
578,braggart
579,perplexing
580,excavate
581,underscore
582,alienation
583,patriotism
584,foretell
587,yield
589,engender
590,polemical
593,enterprising
594,avaricious
595,clarity
596,limpid
598,pellucid
599,tranquil
602,conjectural
603,perfunctory
605,overt
607,irrational
608,futility
609,repository
610,importunate
612,garrulous
613,mercurial
615,intoxicated
617,discount
620,abound
621,proliferate
622,stagnate
623,coalesce
624,decadent
625,degenerate
626,histrionic
627,megalomania
628,egalitarian
629,indolent
630,charismatic
631,imperturbable
632,disposition
634,volatile
636,duplicitous
637,cunning
639,blithe
641,catalyst
643,disperse
644,undermine
646,feckless
647,munificent
648,uncompromising
649,taciturn
651,prototype
652,riddle
653,paragon
654,tangible
656,palpable
658,nebulous
659,nettlesome
660,incontrovertible
662,aberration
664,pertinent
665,linger
667,boisterous
668,unpretentious
669,idiosyncrasy
670,homogeneity
673,univocal
674,slacken
675,panacea
676,revisionist
678,extravagant
680,banality
682,minuscule
683,affinity
684,concession
685,imperative
690,sectarian
692,baroque
703,sycophancy
704,competing
706,solitude
707,obeisance
708,debilitate
709,mimic
710,preclude
711,contemplation
712,plentitude
713,privation
723,muddle
724,convivial
726,hostile
729,profusion
730,resurgence
731,stern
740,disciplined
741,formidable
744,specious
745,pervasive
746,irreversible
747,ambivalent
748,utilitarian
751,egregious
753,inductive
754,stand out from the
755,pack
756,anonymous
758,evenhanded
759,scathing
760,confessional
761,testimony
762,anecdote
763,anecdotal
764,satirize
765,abhor
766,relish
767,evoke
768,enchanting
769,ubiquity
770,omnipresence
771,encomium
772,indict
773,rehabilitate
774,exalt
775,valorize
776,excoriate
777,trickster
778,disdain
779,dilemma
780,quandary
781,ploy
782,sycophantic
783,unsentimental
784,censorious
785,pedantic
787,solemnity
788,panache
789,disguise
790,diminish
791,precede
793,supplement
794,supplant
795,credulous
796,pseudoscience
797,endeavor
798,inadequacy
799,abnegation
800,recapitulation
801,accretion
802,panoply
804,elusive
806,marketable
807,raging
811,scrutiny
812,elitist
814,upsurge
815,harbinger
816,portent
817,lull
820,respite
822,amalgam
823,entice
824,collegiality
825,exactitude
826,eminence
827,tenacity
828,encyclopedic
829,rambling
830,overbearing
832,undiscriminating
834,contentious
835,methodical
836,elephantine
838,symmetrically
839,chronology
840,synopsis
841,awry
843,astute
844,acquiesce
845,pseudonym
846,remuneration
847,languishing
848,jettison
850,unimpeachable
851,ingenious
852,egotist
853,punctuate
855,unassuming
856,complimentary
857,acerbic
858,ingenuous
859,modest
861,seditious
866,confound
871,viable
873,keep at bay
874,mawkish
875,austerity
876,ostentatious
877,emotive
878,outmoded
879,remunerative
880,ramshackle
881,spartan
882,erratic
883,altruistic
884,vanish
886,cumbersome
888,unwieldy
889,ephemeral
890,eccentricity
891,predilection
893,proclivity
894,waver
895,cowardice
896,forge
899,fractious
901,restive
902,cynical
903,compliant
904,tractable
905,snag
906,hitch
907,upshot
909,impassive
910,solitary
911,sluggish
912,impotent
913,paralyze
914,demoralize
915,galvanize
916,exasperate
917,homogeneous
918,daunting
922,skirt
923,scrutinize
924,counter
925,doom
927,bypass
929,predecessor
930,tenure
932,ephemerality
933,transience
934,spur
935,codify
936,foster
938,presume
943,thwart
944,animate
945,verification
952,plausible
953,prognosis
955,auspicious
957,circuitous
958,pessimistic
959,degenerative
962,unsettling
966,retroactive
967,ancillary
968,rationale
969,precedent
971,stifle
972,disregard
973,unbridled
974,incursion
975,expedite
976,omnipresent
977,ubiquitous
979,functional
980,domestic
982,speculative
984,pragmatic
987,quiescence
988,turbulence
989,isolation
990,motivation
992,fanciful
993,scrupulous
995,radical
999,jejune
1000,dogmatic
1003,averse
1004,parochialism
1005,empiricism
1006,purport
1007,design
1010,surfeit
1011,conundrum
1014,forgo
1015,revelation
1017,simultaneous
1020,transparent
1022,resilience
1026,bar
1027,gigantic
1029,undercut
1030,rudimentary
1032,primitive
1034,conjure
1035,strip away
1036,deceptive
1037,chronological
1038,paucity
1039,genuine
1041,halfhearted
1043,inevitable
1047,condone
1048,shortcut
1049,static
1050,inert
1052,jubilant
1053,sensuous
1054,enervated
1055,circumscribe
1056,foreground
1058,circumvent
1060,brushstroke
1061,proselytizer
1062,import
1063,sage
1065,overwhelm
1068,intelligible
1071,readable
1072,accession（to）
1075,subversion
1076,repudiation
1077,acquiescent
1078,slumber
1079,fatiguing
1080,somnolent
1081,impartial
1082,lethargic
1084,laconic
1085,befuddled
1088,routine
1091,harrowing
1094,naïve
1095,premeditate
1096,manipulate
1097,theatrics
1098,balanced
1099,hidebound
1100,embolden
1101,contemplate
1102,lambaste
1104,esteem
1105,impulsive
1106,stale
1108,entail
1109,antithetical
1110,coincident
1112,antecedent
1115,exacerbate
1118,evanescence
1120,magnify
1123,demise
1124,shackle
1125,admonish
1127,sparse
1128,teem
1129,roil
1131,ebb
1132,barring
1133,ridicule
1134,underrate
1135,embellish
1136,anthropogenic
1137,disseminate
1138,molder
1139,indifference
1140,rote
1146,hierarchical
1148,stratified
1149,stagnation
1150,recant
1151,assert
1153,tribute
1154,dubious
1155,superfluous
1156,aver
1157,feign
1158,avow
1159,exude
1161,deferential
1162,embargo
1166,rampant
1167,consolidate
1169,stimulant
1170,concomitant
1171,sloth
1172,apathy
1174,majestic
1175,august
1177,churn
1179,avant-garde
1180,flout
1181,illuminate
1183,oblivious
1185,eloquence
1189,countermand
1190,incommensurate
1191,parity
1192,inclusive
1193,stratification
1196,obfuscate
1197,disparity
1200,protract
1202,spurn
1203,slippery
1206,cataclysmic
1207,endemic
1208,from scratch
1209,winnow
1211,provocative
1213,suggest
1214,stipulate
1219,peer
1220,cliquish
1222,vilify
1223,stymie
1224,aggrieve
1232,rant
1234,diatribe
1235,exculpate
1236,disquisition
1237,vindication
1244,grand
1247,abstemious
1249,adjudicate
1250,bog down
1251,adversary
1252,perish
1254,abstruse
1255,repetitious
1256,encounter
1260,predate
1261,indiscretion
1262,reproach
1263,deference
1267,antagonize
1271,delusive
1272,sketchy
1274,ebullient
1275,measured
1276,overwrought
1279,conflate
1280,divulge
1282,glamorous
1283,chic
1284,unfathomable
1285,sensible
1286,attribute
1289,compunction
1290,justification
1292,magnitude
1298,portend
1299,offset
1301,murky
1303,compact
1304,pristine
1306,grimy
1307,dour
1308,mirthful
1309,jovial
1310,tepid
1312,lugubrious
1313,gloomy
1315,authoritarianism
1316,forbearance
1317,lucidity
1319,expedient
1320,reminiscent
1321,inimical
1323,dictum
1326,meander
1328,taxing
1329,sanity
1331,prestigious
1333,captivate
1334,outrage
1336,random
1337,ambiguity
1338,heterogeneity
1339,de-emphasize
1340,champion
1342,hamstring
1343,revitalize
1344,invigorate
1346,bighearted
1347,manic
1348,inflammatory
1352,puerile
1353,fury
1354,usage
1356,sober
1359,deject
1361,coddle
1363,mollify
1365,delude
1367,fallibility
1368,hew to
1369,override
1373,incompatible
1374,clumsy
1375,compliance
1376,obsequious
1377,veil
1378,fervent
1379,sabotage
1380,cynicism
1381,acquiescence（to）
1382,intractability
1383,veneration
1384,detestation
1386,sidestep
1391,mien
1392,disparage
1393,assiduous
1394,stupefaction
1395,mockery
1396,incredulity
1397,certitude
1398,derision
1399,sophistication
1400,retrenchment
1401,burgeon
1402,curtail
1403,disavow
1405,concoct
1406,chaotic
1407,impute
1411,sensationalism
1412,slant
1414,supersede
1415,halt
1417,ponderous
1419,laudatory
1421,deify
1422,aggrandize
1423,manifest
1436,epic
1441,transcend
1442,provincialism
1443,materialism
1444,sacrosanct
1445,foreordain
1446,fastidious
1448,overblown
1449,oversell
1450,seclusion
1451,opulence
1453,enormity
1455,ascetic
1456,allusion
1457,ramification
1459,leach
1462,worrisome
1463,stubborn
1467,alleviate
1468,presage
1471,irrelevant
1472,exemplar
1473,antithesis
1479,arrest
1481,escalate
1485,better
1490,distinctive
1492,impress
1493,articulate
1494,tenuous
1496,anchor
1497,marginal
1500,extirpate
1504,preliminary
1505,deflate
1506,rationalize
1507,soothe
1508,insidious
1511,aberrant
1512,efficacious
1513,placid
1515,misfeasance
1518,implacable
1519,tenacious
1520,instantaneous
1521,salutary
1522,assault
1523,bewilder
1524,nonchalance
1525,acumen
1526,tweak
1527,controvert
1534,unfounded
1535,pious
1536,sentiment
1538,spark
1539,preachy
1540,querulous
1541,sanctimonious
1542,plaintive
1543,notwithstanding
1544,fiery
1545,genteel
1546,bumble
1548,unremarkable
1549,impassioned
1550,tinker
1552,reserved
1554,cantankerous
1558,redundancy
1559,ballyhoo
1561,quip
1562,pensiveness
1564,drollness
1566,fastidiousness
1568,congeniality
1575,uniform
1578,sustain
1582,monarchy
1583,counterpart
1590,regal
1591,ogre
1593,hypocritic
1594,visionary
1596,inertial
1600,calculated
1601,opprobrious
1603,platitudinous
1605,supercilious
1611,polarize
1612,pedagogical
1613,counterintuitive
1614,inexplicable
1615,extroverted
1616,conscientious
1617,visible
1618,salient
1619,tonic
1620,restless
1625,adverse
1626,restorative
1632,deception
1633,rigorous
1636,blatant
1638,worldly
1641,ethos
1644,gravity
1647,tempting
1648,diverting
1650,unflinching
1651,slapdash
1653,astuteness
1654,nondescript
1655,discernment
1656,hostility
1657,intoxication
1660,debut
1661,propitious
1664,equivocal
1666,chaos
1667,accountability
1668,disarray
1669,unruliness
1670,warble
1673,shriek
1674,croon
1675,caterwaul
1678,overture
1682,bleak
1691,accent
1692,connotation
1693,generic
1695,affirmative
1696,zenith
1698,brute
1700,impulse
1701,jarring
1707,ambiguous
1709,manage
1713,subversiveness
1714,culpability
1715,indiscriminate
1717,iconoclastic
1718,temperate
1719,fret
1720,arduousness
1721,triviality
1723,resonate
1724,outlandish
1728,torpor
1729,conservatism
1730,arousal
1731,pitfall
1733,sway
1734,defy
1736,definitive
1737,conclusive
1738,meager
1739,idle
1741,renowned
1744,rehash
1747,subvert
1749,espouse
1750,impediment
1752,delegate
1753,ascribe
1754,liken
1755,controversy
1756,hectic
1757,dilatory
1758,quell
1763,pertain
1765,transparency
1766,exhaustiveness
1770,particularize
1771,malfeasance
1772,incompetence
1773,capriciousness
1774,fraudulence
1775,hysteria
1776,impulsiveness
1778,backhanded
1779,paltry
1781,heartfelt
1784,deadlock
1785,bargain
1787,unyielding
1788,impeccable
1790,impartiality
1791,sincerity
1795,malleable
1798,autonomous
1802,reclusive
1803,melancholy
1805,shift
1806,pragmatism
1807,intercept
1808,suffocate
1810,underlying
1811,monitor
1815,innocent
1817,negligible
1819,fade
1820,perpetuate
1822,assiduousness
1829,tantamount
1831,proscription
1832,ministration
1833,valediction
1834,exculpation
1835,imprudence
1838,uncanny
1842,emergent
1846,isolate
1850,self-aggrandizing
1852,elude
1854,effluvia
1855,malodorous
1856,redolent
1859,anodyne
1867,naïveté
1868,prominence
1869,supremacy
1870,ingenuousness
1871,salience
1873,pecuniary
1874,selfless
1877,formulaic
1878,experimental
1881,unbound
1882,bourgeois
1883,capitulate
1885,passionate
1895,milieu
1898,eschew
1901,cede
1903,substitute
1906,celebrated
1916,wane
1917,worsen
1918,decline
1920,deteriorate
1921,a priori
1923,vitiate
1924,unencumbered
1936,pretentious
1938,frown
1941,detriment
1942,inexorable
1945,hindsight
1947,evident
1948,optimize
1949,legitimize
1951,disgorge
1952,acute
1954,qualitative
1956,surplus
1957,facet
1958,proximity
1960,furtive
1964,enlighten
1969,anew
1970,truism
1971,provocation
1975,gossamer
1976,contrivance
1977,whim
1981,emulation
1990,offish
1994,monotonous
1997,jockey
2000,recession
2002,slump
2004,spate
2009,slight
2011,laud
2026,moderate
2028,conform
2029,accede
2031,meddle
2032,square
2038,unorthodox
2046,peddle
2047,promote
2048,inspire
2052,dispel
2060,concede
2062,ponder
2068,introspective
2070,thorough
2075,poignant
2079,lament
2083,paradigmatic
2085,supplementary
2086,hedge
2087,absolute
2089,qualification
2092,reiterate
2093,exclusively
2098,get in the way
2099,render
2102,enamored
2105,expeditious
2107,arbitrary
2113,scrupulous(ness)
2115,mendacity
2116,artless
2117,artful
2118,polish
2119,meticulousness
2120,avert
2127,wrest
2130,notoriety
2132,zealous
2133,candid
2135,spontaneity
2143,euphemism
2145,metaphor
2148,trope
2150,glib
2151,selective
2152,vivacity
2153,veracity
2156,falsity
2157,decouple
2159,underestimate
2160,inversion
2168,multifarious
2173,accession （to）
2179,acquiescence(to)
2181,spew
2184,castigate
2185,chastise
2187,synapse
2190,stimulate
2191,sever
2206,tout
2212,hamper
2213,trigger
2223,conducive
2224,devastate
2229,deter
2232,guild
2233,bootless
2235,detract
2239,deprecatory
2245,synergy
2246,naivety
2247,premise
2248,credibility
2249,impotency
2262,discredited
2265,implication
2270,germane
2276,fault
2277,at a premium
2278,aversion
2279,fatigue
2280,undisciplined
2282,naturalism
2288,impair
2291,audacious
2292,evasive
2297,intrepid
2298,imprudent
2300,flabbergasted
2303,dissident
2304,infelicity
2309,incorporated
2310,synthesize
2312,balk
2313,delineate
2314,revel
2315,retaliate
2321,indictment
2325,dominant
2327,abet
2328,instigate
2334,impede
2335,coordinate
2342,uniformly
2343,heterogeneously
2344,randomly
2345,cachet
2346,prestige
2347,integrity
2349,humility
2351,propitiate
2354,occlude
2356,fraud
2357,venerate
2362,stun
2363,elate
2364,gullible
2365,persistence
2367,precursor
2368,bountiful
2369,eternal
2371,suppress
2373,incite
2374,didacticism
2381,placebo
2383,chimerical
2388,extraction
2390,revival
2391,inception
2392,gargantuan
2393,juvenile
2395,diminutive
2397,stringent
2403,rarefied
2408,timidity
2409,assertiveness
2410,punctiliousness
2414,dismiss
2421,plain
2423,idiosyncratic
2425,itinerant
2426,peripatetic
2428,eloquent
2429,austere
2432,somber
2433,awkward
2435,solemn
2436,ungainly
2437,furnish
2440,buttress
2443,omniscient
2444,abject
2449,arrogance
2450,trepidation
2451,fallacious
2468,suppleness
2473,venerable
2474,snub
2476,orderly
2477,coherent
2480,corollary
2481,indulgence
2487,chagrin
2488,complacency
2489,hubris
2491,countenance
2493,impugn
2494,explicitness
2495,devious
2497,divergence
2498,ebullience
2499,reticence
2500,introspection
2501,identical
2502,analogous
2508,uphold
2511,membrane
2512,porous
2513,clogged
2514,permeable
2515,unwavering
2516,succinct
2520,concision
2521,imperturbability
2522,prolixity
2526,grandiosity
2531,revile
2532,adulate
2533,florid
2534,bombast
2536,requisite
2537,apocryphal
2540,recede
2544,temper
2546,ripple
2551,superiority
2553,immutability
2556,impregnable
2558,exhaustion
2560,groan
2563,impalpable
2566,amorphous
2570,exiguous
2579,insalubrious
2581,baneful
2584,diverge
2587,obsequiousness
2596,denounce
2597,lambast
2605,facile
2608,ethereal
2611,tortuous
2613,abash
2615,hubristic
2616,narcissistic
2618,civic
2620,choleric
2622,officious
2623,irenic
2624,prudent
2625,substitution
2629,cursory
2630,dutiable
2632,seminal
2634,stigma
2641,litigation
2642,burdensome
2644,sporadic
2649,illustrious
2650,sordid
2653,fraught
2655,incredible
2659,elemental
2660,cowardly
2662,petty
2663,spiteful
2664,verdict
2667,emulsify
2668,denigrate
2670,petrify
2673,exuberant
2675,obduracy
2681,transient
2682,overwhelming
2684,grandeur
2685,subordinate
2690,plethora
2692,triumph
2694,bombshell
2695,venture
2701,redundant
2702,frivolous
2703,egotistical
2706,benevolent
2707,vista
2711,grandiose
2712,gregarious
2714,self-effacing
2715,imperious
2717,interminable
2718,rebuff
2719,squelch
2720,foment
2721,smother
2723,embrace
2737,hatred
2741,embryonic
2743,languish
2750,deluge
2751,tentative
2759,expenditure
2760,onset
2766,autocratic
2770,cogent
2771,precociousness
2772,nefariousness
2775,acquaintance
2776,consort
2778,kinfolk
2781,incompatibility
2782,disparateness
2783,fragility
2785,approbation
2786,vernacular
2790,jeremiad
2791,gaffe
2792,obloquy
2793,anomaly
2802,virtuosity
2805,implement
2810,estranged
2812,congruent
2822,triteness
2824,exile
2825,infuriate
2828,stalwart
2830,solicitous
2833,whimsical
2834,exhilarate
2836,recapitulate
2837,venal
2847,integrate
2851,cinch
2853,multifaceted
2854,obliterate
2855,emendation
2856,revision
2857,substantiation
2858,protean
2863,prominent
2867,glut
2874,apocalyptic
2881,glorification
2883,outskirt
2884,hortatory
2885,inopportune
2886,ostensibly
2888,lurid
2889,grip
2890,pledge
2893,legacy
2894,largesse
2895,laudable
2896,endowment
2897,noteworthy
2906,quiescent
2909,abeyant
2911,beatify
2916,plastic
2918,perceptible
2919,vulgarity
2920,superficially
2922,flagrant
2923,crassness
2924,renounce
2925,merge
2926,compartmentalize
2927,scaremonger
2928,vindicate
2930,invalidate
2934,irresolution
2936,belligerence
2937,pugnacity
2944,tempestuous
2956,negate
2958,sophist
2959,quibbler
2960,doctrinaire
2961,pedant
2963,savior
2964,rally
2966,serendipity
2967,precocity
2969,vicious
2971,innate
2972,acquired
2973,hail
2975,acclaim
2976,prune
2977,crisp
2978,lucidity.
2980,wayward
2981,urbane
2982,recondite
2983,tactless
2986,deft
2987,impolitic
2988,fabricate
2992,loathe
2995,finicky
2997,amend
3000,demur
3002,memento
3003,discard
3007,animus
3008,tantalize
3009,trenchant
3013,reciprocity
3019,cordial
3020,heretofore
3022,impertinence
3023,nostalgia
3027,vengeful
3028,snappish
3030,umbrage
3031,expiation
3033,placate
3034,appraise
3038,intermediary
3040,untether
3041,divorce
3044,attune
3045,abstract from
3051,diffidence
3055,hackneyed
3062,transgress
3064,odd
3065,peripheral
3067,disproportionate
3077,polymathic
3078,incongruous
3080,fleeting
3081,dramatic
3087,outdo
3090,stingy
3091,parsimonious
3093,forbearing
3096,astringent
3097,hyperbolic
3098,camouflage
3111,exculpatory
3112,flippant
3113,cavalier
3119,unkempt
3120,adherence
3121,affliction
3123,grumble
3124,commiserate
3125,gloat
3129,fluster
3135,flummox
3137,synonymous
3139,detach
3140,subservient
3147,obtrusive
3152,adroit
3154,demarcation
3155,reminiscence
3156,wistful
3159,valedictory
3160,infringement
3161,intransigence
3162,comportment
3167,estrangement
3175,backwater
3176,coveted
3181,spurious
3191,garb
3192,upbeat
3193,melancholic
3194,wearisome
3195,salacious
3196,aghast
3197,proficient
3199,maudlin
3200,demeanor
3201,fawn
3204,unflappability
3207,nurturant
3208,puncture
3213,opprobrium
3214,vituperation
3216,adulation
3218,lucubration
3220,reverence
3221,eradicate
3223,culprit
3224,mediate
3227,exemplary
3233,synthesis
3234,credence
3241,feat
3242,lapse
3245,utopia
3246,contingent
3249,eclectic
3255,preponderance
3256,annihilate
3264,bemoan
3267,propriety
3269,prescience
3270,worship
3271,disinclination
3272,incredulous
3274,callow
3275,deadpan
3276,plod
3282,entreat
3283,absolve
3287,trajectory
3290,nuance
3297,predicament
3298,vexation
3299,wariness
3300,demonization
3305,captivating
3306,vehement
3307,insipid
3310,captious
3312,placatory
3313,palliative
3319,hierarchy
3320,solidarity
3321,camaraderie
3322,bemuse
3323,converge
3326,evocatively
3327,blithely
3330,antiquated
3331,prodigy
3332,polymath
3333,tyro
3334,ante
3336,philistine
3339,promulgate
3340,prioritize
3341,feasible
3342,sovereignty
3343,genealogy
3354,copious
3361,surmount
3363,gaiety
3364,vacuous
3370,provenance
3372,validation
3373,veto
3376,approbatory
3378,deterioration
3386,paradoxical
3399,abate
3403,kinetic
3404,predominant
3405,pompous
3410,lucid
3414,salubrious
3415,bromidic
3416,mutability
3421,kinship
3423,rule out
3425,probity
3426,dissemblance
3427,rectitude
3428,duplicity
3429,quackery
3430,nepotism
3431,cronyism
3434,perfidiousness
3435,peregrination
3436,jubilation
3437,sagaciousness
3438,peccadillo
3439,mitigation
3440,pretext
3441,reign
3443,get one's own way
3444,resign
3445,electorate
3446,obdurate
3450,objectionable
3451,founder
3453,tenured
3454,make the grade
3455,bear out
3458,quintessential
3460,bereft (of)
3464,abhorrent
3465,oscillate (between)
3466,impermanence
3469,partisan
3473,evenhandedness
3476,defer (to)
3478,magnanimity
3479,perspicacity
3481,detachment
3486,reprehend
3491,endow
3508,insulate
3509,causality
3513,preside
3514,seethe
3516,critique
3519,retract
3521,refute
3522,amenable
3523,resuscitate
3524,upend
3526,indignant
3527,phlegmatic
3528,benevolence
3530,caricature
3531,revealing
3533,divert
3534,ring true
3535,fall short
3536,unassailable
3544,consensus
3545,reconcile
3549,stance
3552,overhaul
3556,wholesale
3560,flummery
3563,fanatical
3564,coincidental
3565,not least
3566,deem
3567,on that/this score
3571,trustee
3573,impasse
3575,fuel
3577,perennial
3578,realism
3579,quotidian
3580,improbable
3582,pessimism
3583,squander
3584,suspense
3586,eclecticism
3588,pretension
3592,relinquish
3594,modulate
3595,eccentric
3598,prescriptive
3606,bludgeon
3608,opinionated
3609,profligate
3618,counterbalance
3623,stridency
3624,metamorphose
3625,gild
3629,palliate
3630,succor
3631,damp
3632,tart
3634,rabid
3635,clement
3638,condign
3645,xenophobic
3646,anarchistic
3651,parochial
3655,badger
3657,nugatory
3660,tedium
3668,exorbitance
3669,affluence
3678,list
3684,hackneyedness
3686,repugnant
3688,execrate
3691,monstrous
3699,demarcate
3700,antedate
3702,heresy
3703,rejuvenation
3704,superannuation
3705,senescence
3707,opportune
3709,prodigious
3713,picky
3715,omnivorous
3721,sham
3722,fissure
3726,inertia
3730,standstill
3732,transcendent
3734,plunder
3739,modicum
3743,sleek
3745,resourcefulness
3748,strenuous
3752,extol
3753,deprecate
3755,warp
3756,putative
3758,superintendent
3760,grouchiness
3764,pertinacity
3765,civility
3767,moribund
3768,assuming
3769,check
3784,anathema
3785,meretricious
3788,sporadically
3793,rattle
3799,unrelenting
3809,bristle
3814,obviates
3819,convergent
3824,panegyric
3825,calumny
3826,fulmination
3829,discrepancy
3830,fusty
3836,forswear
3837,qualify
3840,totemic
3844,emblematic
3848,aspersion
3849,commendation
3851,slur
3852,metaphorical
3859,purview
3860,contingency
3863,lurk
3864,raillery
3865,effusiveness
3867,madcap
3869,facetious
3870,beguiling
3871,taint
3886,benighted
3887,multitudinous
3888,obtuseness
3891,guilelessness
3892,trenchancy
3898,vociferous
3902,dissemble
3906,apprehend
3909,cajole
3910,coax
3911,immaterial
3913,prophylactic
3924,inclusiveness
3928,abstinence
3931,intractable
3932,garrulity
3933,ostentatiousness
3938,emancipate
3942,vantage
3943,obscurity
3944,normalcy
3945,eminent
3952,overrate
3953,canonical
3958,decimal
3959,divergent
3973,refractory
3974,obstinate
3976,brazen
3978,staunch
3979,fealty
3986,transitory
3989,anonymity
3992,unerring
3994,warmhearted
3995,insatiable
4002,chimera
4004,anachronism
4006,invective
4014,warrant
4015,lionize
4026,zealotry
4029,hypocrisy
4034,exonerate
4038,dispassionate
4039,strident
4043,inherent
4044,exclude
4046,off-putting
4047,layperson
4051,solace
4054,agglomerate
4058,vendor
4059,luminary
4062,wondrous
4065,consternation
4066,gratitude
4067,equanimity
4068,exhilaration
4070,stringency
4071,boon
4077,voluminous
4081,extrapolation
4083,glitz
4084,forerunner
4089,rebuke
4091,forsake
4092,eulogize
4095,substantiate
4096,surmise
4097,gourmet
4106,stiffen
4108,violate
4110,contravene
4111,mandatory
4117,turbid
4119,turgid
4121,stagnant
4122,fathomless
4124,brackish
4126,verify
4132,mediocrity
4138,improvisation
4140,enervate
4141,exigent
4143,shrewd
4144,canny
4148,apprehension
4153,maverick
4154,malefactor
4156,old-timer
4158,endorsement
4159,leniency
4163,laboriously
4166,moralistic
4171,stalemate
4174,gravitate(to/towards
4178,injudicious
4179,sleazy
4185,truncate
4186,hone
4188,gradient
4190,furtively
4191,heedlessly
4194,quizzical
4195,impertinent
4198,proffer
4199,untrammelled
4200,exiguity
4201,ponderousness
4203,hasty
4207,pejorative
4211,perishable
4213,indubitable
4217,denunciation
4220,obfuscation
4221,cavil
4234,entanglement
4236,mandate
4240,abomination
4242,hobble
4244,belabor
4245,shun
4247,mock
4254,buoyancy
4262,unflagging
